{
  "AWSEBDockerrunVersion": 2,
  "containerDefinitions": [
    {
      "name": "backend",
      "image": "ufs765/backend-service",
      "essential": true,
      "memory": 512,
      "portMappings": [
        {
          "containerPort": 5000,
          "hostPort": 5000
        }
      ]
    },
    {
      "name": "frontend",
      "image": "ufs765/frontend-service",
      "essential": true,
      "memory": 512,
      "portMappings": [
        {
          "containerPort": 3000,
          "hostPort": 80
        }
      ]
    }
  ]
}
